Općina,Mjesečno (KM),Broj mjeseci,Iznos za školsku godinu (KM),Napomena
Centar,200,10,2000,prosjek 5.00
Novo Sarajevo,200,10,2000,prosjek 5.00 (prije 725 KM)
Ilidža,143,10,1430,prosjek najmanje 3.50 i prihod do 600 KM po članu domaćinstva
Stari Grad,150,9,1350,nadareni učenici
Ilijaš,130,9,1170,izuzetno nadareni učenici (prije 810 KM)
Novi Grad,100,10,1000,prosjek najmanje 4.50 i prihod do 800 KM po članu domaćinstva
Trnovo,100,10,1000,
Hadžići,90,10,900,prosjek najmanje 4.00
Vogošća,85,9,765,(prije 675 KM)
